QS201EW - Ethnic group,,,,,,,,,,,,,,,,,,,
ONS Crown Copyright Reserved [from Nomis on 27 January 2023],,,,,,,,,,,,,,,,,,,
Population :,All usual residents,,,,,,,,,,,,,,,,,,
Units      :,Persons,,,,,,,,,,,,,,,,,,
Date       :,2011,,,,,,,,,,,,,,,,,,
Rural Urban:,Total,,,,,,,,,,,,,,,,,,
,,,,,,,,,,,,,,,,,,,
local authority: district / unitary (prior to April 2015),mnemonic,Asian/Asian British: Indian,Asian/Asian British: Pakistani,Asian/Asian British: Bangladeshi,Asian/Asian British: Chinese,Asian/Asian British: Other Asian,Black/African/Caribbean/Black British: African,Black/African/Caribbean/Black British: Caribbean,Black/African/Caribbean/Black British: Other Black,Mixed/multiple ethnic group: White and Black Caribbean,Mixed/multiple ethnic group: White and Black African,Mixed/multiple ethnic group: White and Asian,Mixed/multiple ethnic group: Other Mixed,White: English/Welsh/Scottish/Northern Irish/British,White: Irish,White: Gypsy or Irish Traveller,White: Other White,Other ethnic group: Arab,Other ethnic group: Any other ethnic group
,,,,,,,,,,,,,,,,,,,
Darlington,E06000005,726,145,523,349,462,206,105,46,463,97,350,236,98898,328,350,2019,112,149
County Durham,E06000047,1368,463,241,1598,1186,447,158,96,969,321,1093,711,495664,1229,467,6409,459,363
Hartlepool,E06000001,266,291,214,229,304,129,36,5,180,54,173,143,88924,193,40,742,57,48
Middlesbrough,E06000002,1477,6811,244,904,1332,1470,92,169,541,452,904,465,119106,574,85,2290,950,546
Northumberland,E06000057,939,351,295,452,621,193,114,31,515,230,624,323,307097,833,156,2980,73,201
Redcar and Cleveland,E06000003,91,295,94,155,234,80,34,8,298,107,273,175,131928,415,85,775,37,93
Stockton-on-Tees,E06000004,1488,3072,132,866,1074,936,84,113,419,316,823,439,178965,536,143,1655,236,313
Gateshead,E08000037,916,617,242,1054,909,903,90,88,412,260,523,363,188355,592,87,3708,289,806
Newcastle upon Tyne,E08000021,5072,6364,4692,6037,4942,4664,217,279,830,859,1609,981,229520,1826,163,8024,2602,1496
North Tyneside,E08000022,1095,319,686,869,846,576,91,67,448,385,602,380,190936,596,29,2464,177,235
South Tyneside,E08000023,643,434,1534,235,465,316,61,43,324,229,440,332,140821,305,9,964,566,406
Sunderland,E08000024,1736,669,2075,1536,1320,1062,111,100,539,239,608,392,261209,608,70,2395,292,545
Blackburn with Darwen,E06000008,19791,17801,1525,721,1656,614,202,117,315,162,989,357,98144,794,161,2910,585,645
Blackpool,E06000009,627,223,231,514,687,183,111,52,690,264,448,351,133042,1029,237,3031,170,175
Cheshire East,E06000049,2147,856,504,1125,1428,664,511,227,1341,461,1293,778,346264,2241,313,9122,338,514
Cheshire West and Chester,E06000050,1242,336,576,935,1008,586,196,126,889,411,1059,691,312013,2337,213,6462,199,329
Halton,E06000006,282,44,60,308,249,95,134,31,465,253,330,308,121210,654,41,1136,54,92
Warrington,E06000007,1803,1179,152,849,928,389,214,91,654,357,663,470,187968,1357,66,4601,237,250
Allerdale,E07000026,81,34,91,123,148,43,20,10,134,39,179,74,94085,241,14,1045,2,59
Barrow-in-Furness,E07000027,137,47,43,183,223,56,7,7,117,45,109,89,67073,222,39,606,35,49
Carlisle,E07000028,273,109,180,337,349,107,19,21,152,91,162,130,102189,405,196,2690,52,62
Copeland,E07000029,137,79,70,164,179,52,21,11,117,37,109,76,68679,190,15,607,12,48
Eden,E07000030,77,7,49,79,80,9,7,6,66,11,89,45,51009,139,15,836,17,23
South Lakeland,E07000031,187,40,53,267,240,106,67,10,165,91,233,144,99089,355,36,2482,35,58
Bolton,E08000001,21665,12026,614,1423,3021,3451,608,593,1576,678,1826,812,219794,1694,214,4943,727,1121
Bury,E08000002,1387,9002,311,1100,1607,1116,593,184,1307,444,1005,609,157897,2357,72,4706,465,898
Manchester,E08000003,11417,42904,6437,13539,11689,25718,9642,8124,8877,4397,4791,5096,298237,11843,509,24520,9503,5884
Oldham,E08000004,1555,22686,16310,726,1888,1640,839,318,1950,440,1131,536,169955,1484,62,2825,154,398
Rochdale,E08000005,1105,22265,4342,948,2970,2131,285,354,1057,601,1348,563,166481,2131,186,4076,308,548
Salford,E08000006,2553,1843,605,2547,1881,5354,666,521,1647,1058,929,982,197445,2882,193,10342,1425,1060
Stockport,E08000007,2786,6673,705,1722,1876,976,745,237,1734,775,1460,1135,252044,3938,58,4779,727,905
Tameside,E08000008,3668,4910,4296,951,728,1188,371,225,1310,506,849,494,194115,1613,38,3663,154,245
Trafford,E08000009,6306,7027,457,2232,1951,1807,3802,931,2658,669,1535,1169,182200,5098,40,6496,1259,941
Wigan,E08000010,1019,676,109,891,824,1310,216,152,1015,429,783,529,303519,1459,151,4064,304,399
Burnley,E07000117,321,5924,2425,222,686,76,120,15,228,90,476,182,74464,527,10,1053,55,185
Chorley,E07000118,612,525,105,236,232,115,240,46,463,104,273,176,101892,567,57,1317,113,82
Fylde,E07000119,297,118,25,209,196,63,54,46,251,87,233,171,72021,488,15,1320,67,96
Hyndburn,E07000120,279,7548,402,268,510,52,45,9,186,39,336,135,68834,436,97,1411,91,56
Lancaster,E07000121,1212,413,309,1231,567,472,109,47,373,179,480,324,126624,840,331,4547,164,153
Pendle,E07000122,236,15320,383,281,587,67,51,8,139,65,599,143,69074,462,26,1875,52,84
Preston,E07000123,14421,4425,375,1235,1276,661,865,150,1627,300,931,468,106242,1178,111,4884,626,427
Ribble Valley,E07000124,204,295,32,109,89,65,12,15,93,33,163,71,54757,332,6,809,9,38
Rossendale,E07000125,186,1139,1638,233,200,49,63,11,199,64,218,121,62516,541,47,674,37,46
South Ribble,E07000126,798,241,26,282,265,78,149,41,514,99,388,173,103890,680,17,1260,65,91
West Lancashire,E07000127,411,85,13,190,214,115,48,11,266,140,248,212,105775,584,8,2236,63,66
Wyre,E07000128,235,70,78,315,295,78,33,19,234,79,226,125,104251,490,96,1015,45,65
Knowsley,E08000011,467,81,10,446,399,297,127,81,683,517,375,338,140135,747,6,970,98,116
Liverpool,E08000012,4915,1999,1075,7978,3436,8490,1467,2351,3473,3164,2283,2836,395485,6729,185,12272,5629,2648
Sefton,E08000014,666,127,308,965,653,464,223,109,830,488,760,742,259629,2312,120,4680,327,387
St. Helens,E08000013,504,133,122,512,493,152,60,36,445,167,271,296,169346,887,69,1575,117,123
Wirral,E08000015,1344,226,851,1653,1042,389,189,117,964,558,949,815,303682,2667,77,3730,208,322
East Riding of Yorkshire,E06000011,1081,396,69,660,755,355,175,68,683,367,785,466,321309,908,227,5345,289,241
"Kingston upon Hull, City of",E06000010,1086,882,755,2124,1624,2472,236,288,871,821,945,817,229920,550,284,10567,1134,1030
North East Lincolnshire,E06000012,513,195,268,605,548,306,71,34,381,161,369,275,152240,414,26,2741,265,204
North Lincolnshire,E06000013,1122,862,1443,530,592,365,64,65,341,166,451,286,154526,727,90,5405,173,238
York,E06000014,1531,417,370,2449,1973,903,205,86,529,305,873,706,178613,1103,269,6746,498,475
Craven,E07000163,156,474,39,118,183,48,8,5,94,59,141,81,52842,215,54,853,25,14
Hambleton,E07000164,220,84,30,126,140,98,44,46,157,59,246,131,85867,306,132,1330,46,78
Harrogate,E07000165,587,118,68,869,767,624,148,375,411,265,626,474,144717,771,107,6480,129,333
Richmondshire,E07000166,75,27,20,78,1047,245,80,171,155,74,108,165,48516,200,19,821,15,149
Ryedale,E07000167,35,5,7,85,141,67,8,5,80,46,105,71,49802,262,81,919,10,22
Scarborough,E07000168,383,169,109,287,416,176,51,13,228,109,324,208,103625,301,37,2141,123,93
Selby,E07000169,175,17,2,170,129,170,33,9,190,50,271,115,79686,326,158,1907,9,32
Barnsley,E08000016,442,211,60,440,508,995,149,77,644,178,434,374,222164,567,163,3391,168,256
Doncaster,E08000017,1865,2728,117,1121,1783,1309,778,250,1413,440,877,591,277740,1183,587,8556,231,833
Rotherham,E08000018,961,7609,109,592,1280,1672,283,157,787,301,865,598,236438,776,126,3418,581,727
Sheffield,E08000019,5868,21990,3326,7398,5803,11543,5506,3033,5450,1296,3490,3053,446837,2891,358,12458,8432,3966
Bradford,E08000032,13555,106614,9863,2086,8031,4993,3581,693,4663,875,5677,1764,333628,2541,433,15715,3714,4026
Calderdale,E08000033,1130,13904,574,459,808,479,320,100,1097,247,907,546,176732,1795,80,4180,111,357
Kirklees,E08000034,20797,41802,731,1452,3000,2364,4626,915,5167,641,2714,1268,323890,2635,158,7587,1214,1497
Leeds,E08000035,16130,22492,4432,5933,9256,14894,6728,4271,8813,2493,4906,3420,609714,7031,687,22055,3791,4439
Wakefield,E08000036,1540,4896,32,853,1177,1955,326,231,1087,368,894,579,302331,908,302,7416,382,560
Derby,E06000015,10907,14620,658,1292,3618,3156,3405,759,3916,533,1772,1011,187386,2319,295,9751,861,2493
Leicester,E06000016,93335,8067,3642,4245,13181,12480,4790,3315,4691,1161,3388,2340,148629,2524,417,15066,3311,5257
Nottingham,E06000018,9901,16771,1049,5988,6330,9877,9382,2926,12166,2004,3304,2791,199990,2819,326,15563,2372,2121
Rutland,E06000017,113,38,7,125,82,116,107,28,123,23,141,102,35241,217,58,785,5,58
Amber Valley,E07000032,416,80,11,201,221,120,106,27,438,93,282,167,117988,428,44,1563,27,97
Bolsover,E07000033,207,56,6,166,177,175,51,41,248,63,136,71,73058,199,66,1129,2,15
Chesterfield,E07000034,487,334,141,367,263,433,271,78,532,97,287,178,98456,386,5,1325,60,88
Derbyshire Dales,E07000035,97,84,4,95,118,33,36,18,130,58,173,105,68835,321,15,946,10,38
Erewash,E07000036,778,89,21,266,229,125,337,74,734,72,276,187,106673,574,29,1489,34,94
High Peak,E07000037,148,78,10,228,247,87,82,15,348,113,284,199,87131,596,10,1217,33,66
North East Derbyshire,E07000038,350,79,32,187,147,156,65,15,315,103,250,118,95968,264,70,782,40,82
South Derbyshire,E07000039,1649,179,4,217,326,174,205,46,428,79,365,190,88925,386,72,1144,45,177
Blaby,E07000129,4399,281,18,435,585,371,398,131,645,108,486,266,83161,545,101,1644,96,245
Charnwood,E07000130,10225,428,2022,1943,1520,875,339,113,815,244,1045,473,139978,989,74,4073,442,502
Harborough,E07000131,1849,132,44,226,312,179,111,37,308,92,384,187,79242,486,61,1527,35,170
Hinckley and Bosworth,E07000132,1390,158,81,269,348,133,110,19,364,81,390,192,99440,451,86,1392,74,100
Melton,E07000133,277,4,0,103,134,39,38,18,151,45,142,76,47861,264,3,1191,3,27
North West Leicestershire,E07000134,520,16,20,198,320,91,78,36,358,59,322,142,89116,406,77,1588,25,96
Oadby and Wigston,E07000135,9938,1080,128,328,1046,302,305,64,383,85,493,215,39634,387,9,981,191,601
Boston,E07000136,374,148,72,130,204,174,57,47,171,114,167,212,54221,208,63,8100,63,112
East Lindsey,E07000137,231,63,100,198,197,160,75,29,414,87,261,175,131717,490,61,2046,40,57
Lincoln,E07000138,522,139,139,452,542,504,165,109,367,189,372,302,83653,719,80,4927,175,185
North Kesteven,E07000139,217,29,68,215,221,108,101,42,242,91,256,202,103343,512,74,1906,43,96
South Holland,E07000140,251,48,54,176,218,137,72,48,247,138,233,178,79569,282,100,6419,13,87
South Kesteven,E07000141,509,93,63,436,479,330,117,62,410,138,304,290,125261,656,78,4399,48,115
West Lindsey,E07000142,370,64,0,130,164,127,74,23,222,58,205,145,85977,411,161,1051,38,30
Corby,E07000150,348,34,138,96,166,778,130,100,271,127,215,223,52069,855,28,5567,24,86
Daventry,E07000151,551,172,55,151,254,213,211,57,381,98,302,190,72448,509,54,2112,7,78
East Northamptonshire,E07000152,530,62,12,244,248,352,204,74,381,123,288,260,81083,583,46,2130,33,112
Kettering,E07000153,1818,149,102,327,627,682,208,101,416,206,404,287,83450,641,150,3499,148,260
Northampton,E07000154,5328,1536,3367,1705,1815,6473,2946,1322,3149,1012,1286,1402,162353,2911,149,13825,543,947
South Northamptonshire,E07000155,592,81,52,149,255,151,141,84,289,131,359,224,80123,591,11,1847,29,80
Wellingborough,E07000156,3097,278,538,174,376,903,1414,379,1177,228,397,356,61229,614,89,3856,61,190
Ashfield,E07000170,396,97,62,232,312,195,209,68,556,88,229,186,114744,348,43,1598,25,109
Bassetlaw,E07000171,440,287,74,180,274,221,239,60,454,85,228,229,106663,381,94,2754,52,148
Broxtowe,E07000172,1754,775,92,1135,747,448,405,80,866,151,486,324,98001,615,9,2913,436,250
Gedling,E07000173,1366,962,67,411,537,370,1118,165,1500,240,521,358,102551,891,32,2182,68,204
Mansfield,E07000174,521,132,192,206,238,152,192,54,571,105,224,206,97408,447,2,3665,42,109
Newark and Sherwood,E07000175,366,145,73,220,232,166,270,63,491,133,308,228,108208,641,253,2856,39,125
Rushcliffe,E07000176,2361,1072,40,558,583,202,349,76,736,159,723,331,100363,810,23,2308,153,282
"Herefordshire, County of",E06000019,490,80,32,277,560,160,103,68,407,146,415,302,171922,709,363,7175,105,163
Shropshire,E06000051,752,216,208,1020,893,302,164,114,765,231,669,503,292047,1410,312,6105,179,239
Stoke-on-Trent,E06000021,2329,10429,1097,1224,3363,2536,834,371,1892,559,1347,693,215222,636,183,4671,408,1214
Telford and Wrekin,E06000020,3076,2243,162,647,863,1023,607,149,1423,278,799,483,149096,729,166,4424,86,387
Cannock Chase,E07000192,406,110,48,227,191,98,147,35,458,51,214,144,94042,350,8,856,10,67
East Staffordshire,E07000193,916,5598,157,331,862,333,500,190,800,92,451,276,97854,542,72,4236,91,282
Lichfield,E07000194,877,157,107,225,257,113,298,70,482,99,281,172,95263,598,13,1525,10,107
Newcastle-under-Lyme,E07000195,937,485,154,978,958,515,236,77,565,156,468,301,115510,364,49,1739,136,243
South Staffordshire,E07000196,1435,170,17,204,296,142,371,65,796,40,479,180,102339,469,128,764,44,192
Stafford,E07000197,1359,369,128,503,929,391,582,134,819,126,439,310,121160,770,119,2259,229,243
Staffordshire Moorlands,E07000198,136,87,2,108,169,52,60,8,238,52,179,133,94657,256,35,877,19,38
Tamworth,E07000199,386,47,38,150,142,91,252,50,414,59,197,133,72984,504,9,1264,30,63
North Warwickshire,E07000218,360,35,11,67,107,30,124,18,269,39,116,82,59499,458,45,707,7,40
Nuneaton and Bedworth,E07000219,5705,527,51,304,1293,555,351,141,664,110,409,213,111379,697,75,2241,76,461
Rugby,E07000220,3061,612,140,432,980,1002,754,231,879,210,563,334,84210,1025,160,5170,102,210
Stratford-on-Avon,E07000221,564,74,13,391,424,112,115,37,417,106,448,287,112780,890,173,3464,51,139
Warwick,E07000222,6745,480,69,1155,1496,474,389,110,861,233,1070,639,114739,2146,41,5789,231,981
Birmingham,E08000025,64621,144627,32532,12712,31148,29991,47641,18728,24720,3223,11186,8476,570217,22021,408,28990,10910,10894
Coventry,E08000026,27751,9510,2951,3728,7658,12836,3317,1611,3672,943,2388,1227,211188,7305,151,15385,2020,3319
Dudley,E08000027,5737,10339,397,876,1593,1402,2658,611,3477,250,1277,754,277050,1170,352,3035,1259,688
Sandwell,E08000028,31400,13952,6588,839,6479,4396,11382,2579,6163,515,2043,1478,202822,2045,141,10463,901,3877
Solihull,E08000029,7098,3413,633,906,1511,852,1930,457,2395,247,1156,606,177248,3935,70,2991,358,868
Walsall,E08000030,16502,14289,5194,993,4044,1999,3197,1173,4312,321,1754,837,207238,1181,287,3763,222,2017
Wolverhampton,E08000031,32162,4415,432,1376,6575,4081,9507,3721,8495,554,2160,1575,160945,1526,209,7002,359,4376
Bromsgrove,E07000234,1078,221,39,309,278,110,267,67,631,82,446,237,87640,904,75,1077,53,123
Malvern Hills,E07000235,268,43,30,336,225,95,41,15,192,78,235,134,71019,366,131,1325,11,87
Redditch,E07000236,720,2580,192,209,328,160,558,144,1053,75,317,210,73591,629,9,3268,54,117
Worcester,E07000237,806,1923,449,391,797,226,186,61,474,199,439,283,88016,583,113,3582,61,179
Wychavon,E07000238,463,84,94,188,300,91,118,19,339,83,341,199,109834,539,462,3622,43,125
Wyre Forest,E07000239,299,133,512,168,278,85,105,24,461,75,275,187,92822,459,375,1617,14,86
Bedford,E06000055,8122,3270,3225,905,2410,2741,2843,618,2396,587,1366,1037,112588,1683,115,12460,331,782
Central Bedfordshire,E06000056,2533,442,214,1404,1809,2054,1230,330,1787,522,1474,1006,228053,3149,478,7042,357,497
Luton,E06000032,10625,29353,13606,1497,5871,9169,8177,2563,3831,915,1805,1730,90530,6126,198,14225,1646,1334
Peterborough,E06000031,4636,12078,229,872,3677,2480,1174,510,1542,827,1384,1195,130232,1257,560,19495,428,1055
Southend-on-Sea,E06000033,1810,1059,933,1084,1554,2728,524,395,1039,741,977,894,151136,1496,162,6229,297,600
Thurrock,E06000034,2234,534,682,828,1649,9742,1336,1245,1056,670,683,690,127587,1108,308,6426,254,673
Cambridge,E07000008,3413,742,1849,4454,3160,1300,598,199,728,470,1501,1245,81742,1767,109,18587,908,1095
East Cambridgeshire,E07000009,316,103,80,290,426,288,95,123,230,185,370,397,75218,527,239,4689,66,176
Fenland,E07000010,372,65,65,215,358,216,186,95,293,104,264,240,86151,390,467,5623,11,147
Huntingdonshire,E07000011,1119,998,351,575,1147,862,427,353,707,356,769,698,151694,1130,208,7659,132,323
South Cambridgeshire,E07000012,2210,465,217,1189,1459,760,341,167,552,270,991,711,129812,1094,485,7396,253,383
Basildon,E07000066,2089,436,322,584,1335,3339,931,415,1131,461,668,627,156215,1313,873,3276,112,370
Braintree,E07000067,625,122,190,335,726,540,286,87,554,221,596,466,137010,1051,132,3894,65,184
Brentwood,E07000068,939,113,172,377,749,542,230,124,343,138,444,271,65688,921,121,2138,105,186
Castle Point,E07000069,378,67,87,220,260,327,203,131,346,104,264,197,83943,527,17,786,31,123
Chelmsford,E07000070,1911,673,466,826,1086,1420,429,202,854,342,844,606,151990,1450,212,4331,318,350
Colchester,E07000071,1426,366,385,1690,2488,1803,528,244,889,469,929,865,151453,1155,79,6619,978,708
Epping Forest,E07000072,3041,933,265,598,1085,1186,958,260,881,267,808,693,106233,1427,176,5033,151,664
Harlow,E07000073,1061,629,392,830,821,2256,542,292,654,308,389,401,68715,875,117,3292,147,223
Maldon,E07000074,117,7,90,104,166,59,61,30,152,56,174,124,59011,358,201,859,8,52
Rochford,E07000075,262,42,81,228,268,235,95,103,296,127,304,178,79628,468,49,792,40,91
Tendring,E07000076,323,34,111,367,440,239,134,61,595,176,371,325,131666,998,62,1941,47,158
Uttlesford,E07000077,284,40,186,202,410,197,159,61,241,132,382,222,73325,622,122,2692,40,126
Broxbourne,E07000095,799,145,158,326,762,2246,1307,404,787,246,500,608,75656,1308,147,7419,135,656
Dacorum,E07000096,2347,2007,287,784,1345,1982,740,268,983,393,978,721,124537,1821,231,4948,165,310
East Hertfordshire,E07000242,999,213,282,516,671,590,300,94,622,210,854,528,124266,1566,57,5567,134,218
Hertsmere,E07000098,3723,454,232,918,2066,2990,558,379,678,385,862,694,75750,2130,154,7029,200,829
North Hertfordshire,E07000099,3464,424,495,808,1630,859,1344,288,1481,309,912,674,107889,1398,33,4435,146,525
St Albans,E07000240,2210,1149,2633,1149,1870,1203,911,274,1019,397,1491,997,114145,2514,165,7556,459,522
Stevenage,E07000243,1626,489,536,635,1562,1915,678,243,964,292,573,436,69781,1002,67,2748,132,278
Three Rivers,E07000102,5231,605,158,590,1409,864,598,148,516,181,775,530,69550,1747,79,3918,128,290
Watford,E07000103,4923,6082,362,822,3981,3142,1558,529,990,412,939,763,55875,2063,61,6947,294,558
Welwyn Hatfield,E07000241,3526,734,465,1914,2065,3931,719,339,859,425,819,694,84557,1711,155,6513,566,543
Breckland,E07000143,295,81,101,202,361,211,225,160,379,313,388,482,119033,593,204,7286,9,168
Broadland,E07000144,405,45,96,286,433,228,63,40,267,165,389,243,119582,406,44,1763,80,111
Great Yarmouth,E07000145,446,116,18,189,435,285,86,68,294,277,331,257,90280,390,63,3482,77,183
King's Lynn and West Norfolk,E07000146,668,134,51,386,624,319,118,124,362,235,376,399,135955,605,255,6594,74,172
North Norfolk,E07000147,112,5,67,141,206,67,73,17,194,76,197,150,98001,354,46,1726,10,57
Norwich,E07000148,1684,255,540,1679,1686,1727,272,148,684,660,876,819,112237,874,127,7137,643,464
South Norfolk,E07000149,433,64,60,325,388,259,68,51,313,179,422,300,117998,455,183,2345,70,99
Babergh,E07000200,180,9,65,161,251,133,89,42,306,92,216,213,83666,486,51,1642,10,128
Forest Heath,E07000201,300,135,96,105,627,373,173,750,267,274,402,801,46142,583,108,8074,12,526
Ipswich,E07000202,1801,242,1687,666,1344,1025,1554,517,2579,655,637,945,110624,610,149,7213,151,985
Mid Suffolk,E07000203,170,17,38,158,264,164,126,81,311,120,298,224,92747,345,76,1499,7,86
St Edmundsbury,E07000204,599,123,126,298,678,452,259,191,412,222,420,350,101239,728,78,4570,74,189
Suffolk Coastal,E07000205,769,115,145,463,540,269,208,79,471,222,473,347,116655,585,51,2685,57,164
Waveney,E07000206,180,56,96,308,319,208,100,61,387,200,341,287,110385,407,91,1706,9,113
Camden,E09000007,6083,1489,12503,6493,8878,10802,3496,3762,2494,1800,3880,4148,96937,7053,167,41898,3432,5023
City of London,E09000001,216,16,232,263,213,98,46,49,38,37,111,103,4243,180,3,1373,69,85
Hackney,E09000012,7599,1905,6180,3436,6747,27976,19168,9714,4989,2866,3020,4994,89030,5216,474,39897,1721,11338
Hammersmith and Fulham,E09000013,3451,1612,1056,3140,7376,10552,7111,3842,2769,1495,2649,3131,81989,6321,217,35695,5228,4859
Haringey,E09000014,5945,1920,4417,3744,8124,23037,18087,6706,4856,2609,3738,5345,88424,6997,370,58552,2229,9826
Islington,E09000019,3534,951,4662,4457,5430,12622,7943,5729,4236,1912,2964,4227,98322,8140,163,33890,1893,5050
Kensington and Chelsea,E09000020,2577,911,836,3968,7569,5536,3257,1540,1695,1148,3021,3122,62271,3715,119,45912,6455,4997
Lambeth,E09000022,4983,3072,2221,4573,6089,35187,28886,14469,8302,4301,3574,6983,118250,7456,195,47124,1728,5693
Lewisham,E09000023,4600,1596,1388,6164,11786,32025,30854,12063,8539,3559,3045,5329,114446,5206,208,27826,1456,5795
Newham,E09000025,42484,30307,37262,3930,19912,37811,15050,7395,3957,3319,2677,3992,51516,2172,462,35066,3523,7149
Southwark,E09000028,5819,1623,3912,8074,7764,47413,17974,12124,5677,3687,3003,5411,114534,6222,263,35330,2440,7013
Tower Hamlets,E09000030,6787,2442,81377,8109,5786,9495,5341,3793,2837,1509,2961,3053,79231,3863,175,31550,2573,3214
Wandsworth,E09000032,8642,9718,1493,3715,9770,14818,12297,5641,4642,2034,3887,4678,163739,7664,163,47650,2350,4094
Westminster,E09000033,7213,2328,6299,5917,10105,9141,4449,2882,1869,1927,3584,4015,77334,4960,76,52960,15724,8613
Barking and Dagenham,E09000002,7436,8007,7701,1315,5135,28685,5227,3228,2669,2128,1246,1835,91949,1730,182,14525,973,1940
Barnet,E09000003,27920,5344,2215,8259,22180,19392,4468,3571,3097,3112,5882,5078,162117,8685,151,57600,5210,12105
Bexley,E09000004,7047,730,777,2514,4175,15952,2381,1291,1676,983,1369,1367,179250,2596,624,7492,303,1470
Brent,E09000005,58017,14381,1749,3250,28589,24391,23723,10518,4291,2820,3642,5022,55887,12320,320,44353,11430,6512
Bromley,E09000006,6215,1014,1265,2768,4805,9819,6609,2258,3897,1335,3016,2649,239478,4463,580,16349,870,2002
Croydon,E09000008,24660,10865,2570,3925,17607,28981,31320,12955,9650,3279,5140,5826,171740,5369,234,22852,1701,4704
Ealing,E09000009,48240,14711,1786,4132,31570,17299,13192,6369,3939,1989,4653,4485,103035,10428,300,52055,9804,10462
Enfield,E09000010,11648,2594,5599,2588,12464,28222,17334,8131,4852,2384,4189,5758,126450,6899,344,56947,1930,14133
Greenwich,E09000011,7836,2594,1645,5061,12758,35164,8051,5440,4011,2699,2361,3203,133130,4291,430,21151,1069,3663
Harrow,E09000015,63051,7797,1378,2629,26953,8526,6812,4370,2344,1053,3417,2685,73826,7336,181,19648,3708,3342
Havering,E09000016,5017,1492,975,1459,2602,7581,2885,1015,1970,712,1154,1097,197615,2989,160,7185,311,1013
Hillingdon,E09000017,36795,9200,2639,2889,17730,11275,4615,4192,2719,1409,3602,2749,142916,5949,344,16822,2925,5166
Hounslow,E09000018,48161,13676,2189,2405,20826,10787,3381,2645,2273,1730,3390,2956,96264,4775,183,29283,3638,5395
Kingston upon Thames,E09000021,6325,3009,892,2883,13043,2616,1027,378,1238,700,2500,1831,101015,2718,95,15391,2439,1960
Merton,E09000024,8106,7337,2216,2618,15866,10442,8126,2243,2579,1279,2829,2647,96658,4417,216,28315,1413,2386
Redbridge,E09000026,45660,31051,16011,3000,20781,12357,9064,3424,3204,1692,3251,3309,96253,3900,140,18353,1551,5969
Richmond upon Thames,E09000027,5202,1163,867,1753,4622,1643,840,333,1250,731,2857,1942,133582,4766,95,22282,1172,1890
Sutton,E09000029,6454,2595,1183,2240,9563,5471,2742,907,2298,838,2286,1712,134854,3219,193,11183,976,1432
Waltham Forest,E09000031,9134,26347,4632,2579,11697,18815,18841,7135,4568,2403,2602,4193,92999,3959,369,37472,3776,6728
Bracknell Forest,E06000036,1989,518,134,556,2467,1586,402,201,656,297,808,542,96080,984,118,5372,201,294
Brighton and Hove,E06000043,2996,649,1367,2999,3267,2893,879,416,2182,2019,3351,2856,220018,3772,198,19524,2184,1799
Isle of Wight,E06000046,435,80,131,219,649,141,115,47,507,123,738,341,131099,747,94,2605,52,142
Medway,E06000035,7132,1516,1304,1065,2598,4742,1428,493,1730,735,1546,1165,225654,1946,510,8469,517,1375
Milton Keynes,E06000042,8106,3851,1989,2722,6114,13058,2524,1549,2243,1597,2228,2167,183934,2498,72,12590,565,1014
Portsmouth,E06000044,2911,539,3649,2611,2764,2958,540,279,1103,935,2381,1048,172313,1071,85,7713,1078,1078
Reading,E06000038,6514,6967,695,1603,5382,6087,3279,1104,2718,802,1428,1232,101725,2269,90,12303,680,820
Slough,E06000039,21922,24869,549,797,7560,7548,3096,1471,1667,607,1429,1055,48401,1607,220,13825,928,2654
Southampton,E06000045,6742,3019,1401,3449,5281,3508,1132,427,1678,941,1796,1263,183980,1746,341,17461,1312,1405
West Berkshire,E06000037,1675,473,225,659,776,701,514,161,776,262,831,551,139044,1284,164,5362,139,225
Windsor and Maidenhead,E06000040,5860,4238,393,1071,2286,1039,473,213,679,358,1399,879,112081,2055,219,10150,379,788
Wokingham,E06000041,5331,2865,222,1203,1817,1203,712,178,890,337,1273,682,129119,1367,291,5748,500,642
Aylesbury Vale,E07000004,1872,5408,201,636,1988,1676,1302,345,1518,461,1077,808,148360,1573,134,6012,339,427
Chiltern,E07000005,1799,1772,120,442,913,258,213,53,380,190,998,472,79579,1118,121,3931,58,218
South Bucks,E07000006,4758,965,171,527,1112,354,278,77,416,119,720,352,51541,1133,256,3435,174,479
Wycombe,E07000007,2939,13091,597,949,3009,1744,3382,808,2259,328,1330,932,130313,1553,103,7508,282,517
Eastbourne,E07000061,671,107,287,621,1109,517,159,107,434,302,572,483,86903,978,66,5561,229,306
Hastings,E07000062,487,78,276,366,919,639,303,123,595,277,585,491,80624,702,150,3155,161,323
Lewes,E07000063,360,64,153,316,507,248,123,45,325,155,460,335,90218,757,97,3087,97,155
Rother,E07000064,276,16,109,217,485,181,76,48,267,107,405,252,85279,596,134,1942,72,126
Wealden,E07000065,459,52,217,411,580,215,110,18,326,182,562,358,139745,933,368,4127,79,173
Basingstoke and Deane,E07000084,2437,389,330,1221,2338,1259,470,180,1047,318,863,585,148078,1324,163,6323,138,336
East Hampshire,E07000085,481,31,165,316,866,396,81,40,312,153,513,327,107568,656,267,3144,141,151
Eastleigh,E07000086,1954,160,294,625,707,430,129,46,391,254,652,443,114873,602,191,2871,201,376
Fareham,E07000087,663,77,125,467,335,215,109,33,301,150,657,251,105663,475,85,1736,106,133
Gosport,E07000088,428,31,149,214,251,321,183,88,272,142,426,226,78001,313,32,1339,48,158
Hart,E07000089,880,141,136,435,856,266,178,62,311,152,685,309,82534,642,273,2906,100,167
Havant,E07000090,504,72,155,313,383,252,55,81,404,215,588,307,114919,532,64,1647,73,120
New Forest,E07000091,472,34,195,338,626,328,141,143,439,188,603,390,167445,829,423,3463,72,333
Rushmoor,E07000092,1310,635,206,497,7107,1115,538,215,624,342,644,447,75511,718,155,3136,134,473
Test Valley,E07000093,937,141,166,434,690,258,149,80,378,246,565,305,107743,537,153,3212,139,265
Winchester,E07000094,665,92,222,745,915,250,147,60,321,180,684,441,107070,733,263,3511,110,186
Ashford,E07000105,958,161,185,431,2256,948,327,100,544,235,507,396,105498,753,531,3738,87,301
Canterbury,E07000106,1448,306,251,1436,1694,1338,437,162,680,305,897,669,132269,1260,374,6717,405,497
Dartford,E07000107,2670,179,431,538,1981,2814,497,267,620,346,693,502,80466,767,244,3593,179,578
Dover,E07000108,397,40,151,274,1169,265,85,36,281,133,360,255,103848,572,234,3312,65,197
Gravesham,E07000109,7538,550,477,326,1713,2226,456,203,564,359,627,516,78422,791,320,4693,94,1845
Maidstone,E07000110,1226,340,381,461,2535,867,356,157,625,319,841,560,138235,955,838,5968,140,339
Sevenoaks,E07000111,712,106,146,500,621,569,204,80,424,176,682,393,104538,950,391,4150,84,167
Folkestone and Hythe,E07000112,413,93,226,281,2686,277,130,51,387,149,420,311,98029,745,164,3277,64,266
Swale,E07000113,545,107,206,233,398,993,277,125,533,225,441,376,126130,780,730,3515,47,174
Thanet,E07000114,738,184,178,450,954,585,239,86,720,329,598,539,121346,1026,187,5635,118,274
Tonbridge and Malling,E07000115,755,165,236,496,779,222,143,56,474,199,667,337,111662,760,350,3100,130,274
Tunbridge Wells,E07000116,736,175,513,552,927,419,142,77,414,222,787,470,103115,880,322,4922,122,254
Cherwell,E07000177,1681,2382,184,657,1135,1040,600,321,835,370,729,626,122491,1104,105,7061,145,402
Oxford,E07000178,4449,4825,1791,3559,4203,4456,1874,698,1721,703,2008,1603,96633,2431,92,18801,922,1137
South Oxfordshire,E07000179,814,194,179,443,775,445,241,82,506,168,690,437,122083,1092,135,5683,89,201
Vale of White Horse,E07000180,842,350,185,649,936,828,246,156,377,180,621,396,108599,956,109,5160,149,249
West Oxfordshire,E07000181,354,95,152,310,513,270,109,58,320,136,473,334,96995,708,182,3584,53,133
Elmbridge,E07000207,2489,555,504,1143,2384,620,272,118,521,347,1550,993,104508,2072,153,11390,597,659
Epsom and Ewell,E07000208,1828,667,325,922,2742,679,304,145,406,223,758,535,59049,1142,132,4179,538,528
Guildford,E07000209,1661,487,320,1884,2264,1162,336,158,432,288,1077,704,114510,1193,491,8513,923,780
Mole Valley,E07000210,707,152,206,358,754,207,131,61,276,117,518,346,76907,798,128,3335,148,226
Reigate and Banstead,E07000211,2192,1189,532,914,2165,1312,603,251,736,409,1111,781,117092,1554,179,6054,266,495
Runnymede,E07000212,2022,378,235,1173,1753,584,195,83,348,217,638,468,64397,1073,220,5943,365,418
Spelthorne,E07000213,4013,656,259,621,1746,971,419,155,575,316,905,586,77411,1366,192,4486,322,599
Surrey Heath,E07000214,1713,667,298,535,2176,528,253,80,370,171,696,389,73179,828,162,3523,184,392
Tandridge,E07000215,746,139,102,418,759,400,373,109,513,181,683,412,74095,865,286,2634,47,236
Waverley,E07000216,533,246,169,623,712,353,147,38,332,168,746,377,110190,1032,167,5328,162,249
Woking,E07000217,2328,5682,450,870,2132,1012,270,101,411,299,975,650,74335,1089,151,7351,549,543
Adur,E07000223,234,55,269,242,258,241,60,12,206,193,305,182,56843,426,121,1273,170,92
Arun,E07000224,498,107,367,412,732,313,160,65,426,221,532,323,137024,889,162,7043,72,172
Chichester,E07000225,470,36,131,339,641,319,129,70,269,158,361,304,105841,743,238,3500,102,143
Crawley,E07000226,5530,4548,427,496,2824,2164,465,840,806,615,883,794,76888,967,77,7248,424,601
Horsham,E07000227,734,165,209,472,1005,440,155,56,364,260,725,425,121020,904,234,3904,75,154
Mid Sussex,E07000228,1410,154,399,525,1273,487,201,100,378,277,805,507,126341,1235,142,5300,87,239
Worthing,E07000229,783,171,544,474,1400,605,169,95,437,337,658,404,93594,815,99,3628,151,276
Bath and North East Somerset,E06000022,1116,170,219,1912,1160,499,672,155,951,292,954,701,158640,1146,58,6629,375,367
Bournemouth,E06000028,1940,213,408,1840,2665,1208,380,176,1043,601,1396,1151,153752,1355,218,13472,693,980
"Bristol, City of",E06000023,6547,6863,2104,3886,4255,12085,6727,6922,7389,1533,3402,3114,333432,3851,359,21950,1272,2543
Cornwall,E06000052,837,107,280,1004,1206,292,368,102,1248,490,1553,1109,509628,2046,635,10539,189,640
Isles of Scilly,E06000053,0,0,0,0,2,1,1,0,3,3,9,3,2087,10,0,80,0,4
North Somerset,E06000024,817,111,299,619,590,383,188,61,681,256,698,398,190553,1113,176,5234,127,262
Plymouth,E06000026,875,202,359,1251,1219,1106,343,229,904,523,1028,832,238263,1105,153,6988,399,605
Poole,E06000029,1098,96,382,698,1002,329,119,72,491,246,680,499,135698,756,214,4855,127,283
South Gloucestershire,E06000025,2699,698,238,1312,1493,987,980,251,1516,396,1016,739,241611,1223,271,6469,366,502
Swindon,E06000030,6901,1292,936,954,3282,1718,807,336,1506,568,1163,989,177028,1852,180,8838,188,618
Torbay,E06000027,403,79,99,261,511,140,73,38,440,195,443,342,124162,657,37,2843,100,136
Wiltshire,E06000054,1547,215,595,1210,2611,1418,1151,659,1968,656,1667,1277,439725,2381,757,12108,288,748
East Devon,E07000040,220,6,71,210,423,68,61,17,238,89,358,219,127442,593,90,2222,35,95
Exeter,E07000041,946,164,227,1998,1260,492,128,47,403,278,773,484,104013,629,93,4855,659,324
Mid Devon,E07000042,116,7,18,167,120,64,17,13,132,69,169,114,74554,278,88,1776,4,44
North Devon,E07000043,215,67,78,152,323,63,70,25,294,75,287,129,89832,316,45,1549,61,86
South Hams,E07000044,115,12,64,102,165,73,36,12,161,75,264,153,79681,371,45,1687,70,54
Teignbridge,E07000045,165,17,78,347,286,48,52,17,255,92,323,255,119480,499,118,2066,26,96
Torridge,E07000046,39,3,17,126,86,11,34,6,141,53,125,110,61985,211,54,771,31,36
West Devon,E07000047,57,4,17,93,129,26,23,10,126,56,130,90,51603,233,21,873,27,35
Christchurch,E07000048,97,5,44,179,170,50,27,6,110,69,195,131,45414,299,48,830,15,63
East Dorset,E07000049,157,43,198,167,172,61,29,16,163,67,229,135,83876,371,171,1227,26,58
North Dorset,E07000050,111,11,76,128,470,108,65,24,136,78,216,122,64936,279,95,1667,14,47
Purbeck,E07000051,33,12,27,54,105,35,6,7,96,47,112,71,43253,228,89,770,6,22
West Dorset,E07000052,242,59,87,242,304,111,43,15,200,100,275,195,95011,500,104,1669,40,67
Weymouth and Portland,E07000053,97,21,93,173,256,153,125,43,247,70,185,151,61860,298,48,1274,15,58
Cheltenham,E07000078,1584,179,315,760,837,527,124,70,493,256,661,468,102140,1058,68,5818,172,202
Cotswold,E07000079,218,16,38,223,299,136,47,46,167,86,274,171,78284,503,87,2201,4,81
Forest of Dean,E07000080,159,25,1,129,159,99,58,42,170,82,181,95,79227,277,78,1117,5,57
Gloucester,E07000081,3204,639,490,448,1058,1100,1880,506,2139,316,551,559,102912,850,136,4564,119,217
Stroud,E07000082,177,28,53,193,300,96,125,39,364,129,428,295,107026,591,57,2752,33,93
Tewkesbury,E07000083,387,55,63,158,238,132,79,44,294,54,258,170,77010,480,305,2106,31,79
Mendip,E07000187,227,21,69,256,356,124,57,29,266,144,354,232,102987,596,246,3228,25,62
Sedgemoor,E07000188,144,34,150,139,268,76,54,10,285,105,278,201,109199,459,132,2934,34,86
South Somerset,E07000189,342,87,90,378,512,207,111,39,305,191,382,280,153123,550,148,4309,44,145
Taunton Deane,E07000190,324,59,108,448,669,190,62,34,266,183,322,239,103020,499,193,3404,63,104
West Somerset,E07000191,32,2,25,26,107,10,7,3,78,27,71,32,33229,153,14,832,9,18
Isle of Anglesey,W06000001,135,33,53,153,117,50,25,6,180,41,180,79,67349,476,65,630,134,45
Gwynedd,W06000002,461,220,176,905,408,195,70,24,287,126,332,219,115072,570,153,1778,700,178
Conwy,W06000003,317,101,134,376,324,114,54,31,294,124,275,201,109911,840,65,1733,200,134
Denbighshire,W06000004,240,157,111,346,576,104,35,22,251,80,269,151,89581,533,34,1106,39,99
Flintshire,W06000005,296,87,223,323,272,88,42,12,267,121,258,205,146185,693,95,3188,50,101
Wrexham,W06000006,857,181,206,426,651,526,57,42,264,180,326,240,125477,492,104,4574,96,145
Powys,W06000023,145,9,67,171,750,42,70,20,208,82,294,176,127773,502,128,2424,23,92
Ceredigion,W06000008,367,81,91,322,238,164,86,16,198,75,251,212,70717,478,74,2174,197,181
Pembrokeshire,W06000009,341,69,103,205,474,94,44,41,234,78,261,160,117092,834,454,1741,61,153
Carmarthenshire,W06000010,563,159,117,298,700,115,115,49,326,118,364,225,175591,754,335,3643,132,173
Swansea,W06000011,1477,591,1944,2052,1739,1707,172,104,548,280,781,551,218655,1101,85,4856,1694,686
Neath Port Talbot,W06000012,280,125,311,280,373,97,175,27,384,75,262,189,135450,474,125,1038,53,94
Bridgend,W06000013,337,122,114,356,620,152,121,42,338,120,264,276,133656,474,63,1897,75,151
Vale of Glamorgan,W06000014,566,216,121,454,610,165,252,72,629,247,431,388,119212,639,21,1966,174,173
Cardiff,W06000015,7886,6354,4838,4168,4639,5213,1322,1666,3641,1742,2459,2189,277798,2547,521,12248,4707,2152
Rhondda Cynon Taff,W06000016,656,267,106,1065,936,1140,99,69,550,192,420,344,225716,582,53,1890,160,165
Merthyr Tydfil,W06000024,168,50,45,120,313,118,10,15,154,46,151,111,55635,122,62,1572,32,78
Caerphilly,W06000018,327,123,32,495,369,121,112,9,454,147,296,277,173899,402,31,1513,67,132
Blaenau Gwent,W06000019,202,39,26,122,96,56,33,6,163,36,106,89,67954,102,72,622,12,78
Torfaen,W06000020,172,64,80,208,453,47,88,34,237,103,138,125,88209,307,155,560,14,81
Monmouthshire,W06000021,245,54,40,193,368,80,45,19,174,51,232,167,87762,395,6,1363,69,60
Newport,W06000022,1218,3127,1749,600,1292,1499,782,254,1318,360,669,405,126756,769,84,3416,926,512
,,,,,,,,,,,,,,,,,,,
,,,,,,,,,,,,,,,,,,,
,,,,,,,,,,,,,,,,,,,
,"In order to protect against disclosure of personal information, records",,,,,,,,,,,,,,,,,,
,have been swapped between different geographic areas. Some counts will,,,,,,,,,,,,,,,,,,
,"be affected, particularly small counts at the lowest geographies",,,,,,,,,,,,,,,,,,
